codebook,condition,model_a,model_b,n_paired,percent_agreement_pct,cohens_kappa
A,A,deepseek-v4.1-flash,glm-5.3-flash,201,90.55,0.1318
A,A,deepseek-v4.1-flash,gpt-6-luna,201,97.01,0.4851
A,A,deepseek-v4.1-flash,jev-1.13,201,95.52,0.1606
A,A,glm-5.3-flash,gpt-6-luna,201,91.54,0.1586
A,A,glm-5.3-flash,jev-1.13,201,93.03,0.277
A,A,gpt-6-luna,jev-1.13,201,96.52,0.2046
A,B,deepseek-v4.1-flash,glm-5.3-flash,201,94.03,0.2314
A,B,deepseek-v4.1-flash,gpt-6-luna,201,97.51,0.4332
A,B,deepseek-v4.1-flash,jev-1.13,201,97.51,-0.0121
A,B,glm-5.3-flash,gpt-6-luna,201,94.53,0.3964
A,B,glm-5.3-flash,jev-1.13,201,94.53,0.2538
A,B,gpt-6-luna,jev-1.13,201,97.01,0.2386
B,A,deepseek-v4.1-flash,glm-5.3-flash,201,75.62,0.5909
B,A,deepseek-v4.1-flash,gpt-6-luna,201,77.61,0.5685
B,A,deepseek-v4.1-flash,jev-1.13,201,68.66,0.4568
B,A,glm-5.3-flash,gpt-6-luna,201,67.66,0.4155
B,A,glm-5.3-flash,jev-1.13,201,62.19,0.3726
B,A,gpt-6-luna,jev-1.13,201,68.16,0.399
B,B,deepseek-v4.1-flash,glm-5.3-flash,201,71.64,0.5537
B,B,deepseek-v4.1-flash,gpt-6-luna,201,71.14,0.499
B,B,deepseek-v4.1-flash,jev-1.13,201,67.66,0.4597
B,B,glm-5.3-flash,gpt-6-luna,201,68.66,0.4696
B,B,glm-5.3-flash,jev-1.13,201,64.68,0.4265
B,B,gpt-6-luna,jev-1.13,201,77.11,0.531
